common,Family,common family
"angelfish,blue",Pomacanthidae,angelfish
"angelfish,french",Pomacanthidae,angelfish
"angelfish,gray",Pomacanthidae,angelfish
"angelfish,queen",Pomacanthidae,angelfish
angelfishes,Pomacanthidae,angelfish
french angel,Pomacanthidae,angelfish
french angelfish,Pomacanthidae,angelfish
gray angelfish,Pomacentridae,angelfish
grey angel,Pomacentridae,angelfish
queen angel,Pomacentridae,angelfish
queen angelfish,Pomacentridae,angelfish
rock beauty,Pomacanthidae,angelfish
rockbeauty,Pomacentridae,angelfish
robin (sprat),Clupeidae,baitfish
sprat,Clupeidae,baitfish
barracuda,Sphyraena,barracuda
"barracuda,great",Sphyraena,barracuda
barracudas,Sphyraena,barracuda
"sennet,southern",Sphyraenidae,barracuda
rocky beauty,Pomacentridae,beauty
bonefish,Albulidae,bonefish
bonefishes,Albulidae,bonefish
bream,Cyprinidae,breams
butterfishes,Chaetodontidae,butterfly fish
"butterflyfish,banded",Chaetodontidae,butterfly fish
"butterflyfish,foureye",Chaetodontidae,butterfly fish
"butterflyfish,spotfin",Chaetodontidae,butterfly fish
butterflyfishes,Chaetodontidae,butterfly fish
catfishes,Ariidae,catfish
bermuda chub,Kyphosidae,chubs
"chub,bermuda",Kyphosidae,chubs
"bass,peacock",Cichlidae,cichlids
"conch,queen",Strombidae,conch
"conch,w indian crown",Strombidae,conch
"cowfish,honeycomb",Ostraciidae,cowfish
"cowfish,scrawled",Ostraciidae,cowfish
honeycomb cowfish,Ostraciidae,cowfish
"crab,speckled swimmin",Portunidae,crabs
"damselfish,yellowtail",Pomacanthidae,angelfish
damselfishes,Pomacanthidae,angelfish
sergeant major,Pomacentridae,angelfish
"sergeant,night",Pomocentridae,angelfish
dolphin,Coryphaenidae,dolphinfish
dolphin ,Coryphaenidae,dolphinfish
dolphin fish,Coryphaenidae,dolphinfish
dolphinfish,Coryphaenidae,dolphinfish
dolphins,Coryphaenidae,dolphinfish
king fish,Sciaenidae,drums
kingfish,Sciaenidae,drums
"kingfish,gulf",Sciaenidae,drums
"croaker,striped",Sciaenidae,drums
"drum,spotted",Sciaenidae,drums
drums,Sciaenidae,drums
"conger,manytooth",Congrinae,eels
"eel,conger",Congridae,eels
"eels,conger",Congridae,eels
green moray,Muraenidae,eels
"moray,green",Muraenidae,eels
"moray,purplemouth",Muraenidae,eels
"moray,spotted",Muraenidae,eels
"moray,staut",Muraenidae,eels
morays,Muraenidae,eels
spottey moray,Muraenidae,eels
filefish,Monacanthidae,filefish
"filefish,orange",Monacanthidae,filefish
"filefish,orangespot",Monacanthidae,filefish
"filefish,scrawled",Monacanthidae,filefish
"filefish,whitespotted",Monacanthidae,filefish
"fillet,unknown",Monacanthidae,filefish
scrawled filefish,Monacanthidae,filefish
scrawled tilefish,Monacanthidae,filefish
white spotted file fish,Monacanthidae,filefish
white spotted tilefish,Monacanthidae,filefish
flying gurnard,Dactylopteridae,flying gurnard
flyingfishes,Exocoetidae,flyingfish
goat fish,Mullidae,goatfish
goatfish,Mullidae,goatfish
"goatfish,dwarf",Mullidae,goatfish
"goatfish,spotted",Mullidae,goatfish
"goatfish,yellow",Mullidae,goatfish
goatfishes,Mullidae,goatfish
spotted goatfish,Mullidae,goatfish
butterfish,Serranidae,groupers
coney,Serranidae,groupers
coney?,Serranidae,groupers
grasby,Serranidae,groupers
graysby,Serranidae,groupers
grouper,Serranidae,groupers
"grouper,black",Serranidae,groupers
"grouper,nassau",Serranidae,groupers
"grouper,red",Serranidae,groupers
"grouper,tiger",Serranidae,groupers
"grouper,yellowfin",Serranidae,groupers
groupers g:dermatolep,Serranidae,groupers
"groupers,g:epin.",Serranidae,groupers
"hind,red",Serranidae,groupers
"hind,rock",Serranidae,groupers
honeycomb grouper,Serranidae,groupers
mutton grouper,Serranidae,groupers
nassau grouper,Serranidae,groupers
naussau grouper,Serranidae,groupers
passau grouper,Serranidae,groupers
red grouper,Serranidae,groupers
red hind,Serranidae,groupers
red hind ,Serranidae,groupers
rock hind,Serranidae,groupers
rockfish,Serranidae,groupers
sea basses,Serranidae,groupers
soapfishes,Serranidae,groupers
pork fish,Haemulidae,grunts
porkfish,Haemulidae,grunts
black grunt,Haemulidae,grunts
black largin?,Haemulidae,grunts
black margate,Haemulidae,grunts
black margate?,Haemulidae,grunts
caesar grunt,Haemulidae,grunts
casear grunt,Haemulidae,grunts
ceasar grunt,Haemulidae,grunts
ceaser grunt,Haemulidae,grunts
cesar grunt,Haemulidae,grunts
cesear grunt,Haemulidae,grunts
classic grunt,Haemulidae,grunts
french grunt,Haemulidae,grunts
"grunt,barred",Haemulidae,grunts
"grunt,black",Haemulidae,grunts
"grunt,blue striped",Haemulidae,grunts
"grunt,caesar",Haemulidae,grunts
"grunt,french",Haemulidae,grunts
"grunt,smallmouth",Haemulidae,grunts
"grunt,spanish",Haemulidae,grunts
"grunt,striped",Haemulidae,grunts
"grunt,white",Haemulidae,grunts
grunts,Haemulidae,grunts
margate,Haemulidae,grunts
"margate,black",Haemulidae,grunts
sailors choice,Haemulidae,grunts
striped grunt,Haemulidae,grunts
balao,Hemiramphidae,half beaks
ballyhoo,Hemiramphidae,half beaks
batfishes,Pomacanthidae,half beaks
herrings,Clupeidae,baitfish
black jack,Carangidae,jacks
carali?,Carangidae,jacks
carari?,Carangidae,jacks
cresalla jack,Carangidae,jacks
cressala jack,Carangidae,jacks
crevalla jack,Carangidae,jacks
crevalle jack,Carangidae,jacks
"moonfish,atlantic",Carangidae,jacks
jackknife-fish,Sciaenidae,jackknife fish
african pompano,Carangidae,jacks
almaco jack,Carangidae,jacks
almaco jack (comad),Carangidae,jacks
amber jack,Carangidae,jacks
"amberjack,greater",Carangidae,jacks
bar jack,Carangidae,jacks
big eye scad,Carangidae,jacks
bigeye,Carangidae,jacks
bigeyes,Carangidae,jacks
horse eye jack,Carangidae,jacks
horseeye jack,Carangidae,jacks
"jack,almaco",Carangidae,jacks
"jack,bar",Carangidae,jacks
"jack,black",Carangidae,jacks
"jack,cottonmouth",Carangidae,jacks
"jack,crevalle",Carangidae,jacks
"jack,horse eye",Carangidae,jacks
"jack,yellow",Carangidae,jacks
jacks,Carangidae,jacks
palometa,Carangidae,jacks
"pompano,african",Carangidae,jacks
rainbow runner,Carangidae,jacks
"runner,blue",Carangidae,jacks
"scad,bigeye",Carangidae,jacks
yellow jack,Carangidae,jacks
yellowjack,Carangidae,jacks
lizardfishes,Synodontidae,lizardfish
lobster,Palinuridae,lobsters
"lobster,carib. spiny",Palinuridae,lobsters
"lobster,sculp slipper",Scyllaridae,lobsters
"lobster,spotted spiny",Palinuridae,lobsters
"lobsters,slipper",Scyllaridae,lobsters
"lobsters,spiny",Palinuridae,lobsters
"marlin,blue",Istiophoridae,marlins
"marlin,white",Istiophoridae,marlins
marlins,Istiophoridae,marlins
sailfish,Istiophoridae,marlins
"jenny,silver",Gerreidae,mojarras
"mullet,white",Mugilidae,mullets
mullets,Mugilidae,mullets
gar,Belonidae,needlefish
gar ,Belonidae,needlefish
"needlefish,keeltail",Belonidae,needlefish
needlefishes,Belonidae,needlefish
"needlefishes,g:tyloso",Belonidae,needlefish
"octopus, carib. reef",Octopodidae,octopus
"octopus,common",Octopodidae,octopus
"octopus,g:octopus",Octopodidae,octopus
redtail parrot,Scaridae,parrotfish
blue parrot,Scaridae,parrotfish
blue parrotfish,Scaridae,parrotfish
parrotfish,Scaridae,parrotfish
"parrotfish,blue",Scaridae,parrotfish
"parrotfish,midnight",Scaridae,parrotfish
"parrotfish,princess",Scaridae,parrotfish
"parrotfish,queen",Scaridae,parrotfish
"parrotfish,rainbow",Scaridae,parrotfish
"parrotfish,redband",Scaridae,parrotfish
"parrotfish,redfin",Scaridae,parrotfish
"parrotfish,redtail",Scaridae,parrotfish
"parrotfish,stoplight",Scaridae,parrotfish
"parrotfish,striped",Scaridae,parrotfish
parrotfishes,Scaridae,parrotfish
redband parrotfish,Scaridae,parrotfish
spotted parrotfish,Scaridae,parrotfish
stoplight parrotfish,Scaridae,parrotfish
jolfhead polrgy,Sparidae,porgies
jolgheaded porgy,Sparidae,porgies
jolthead porgy,Sparidae,porgies
pinfish,Sparidae,porgies
porgy,Sparidae,porgies
"porgy,g:calamus",Sparidae,porgies
"porgy,jolthead",Sparidae,porgies
"porgy,pluma",Sparidae,porgies
"porgy,saucereye",Sparidae,porgies
sea bream,Sparidae,porgies
redhind,Serranidae,groupers
shark sucker, Echeneidae,remoras
suckfish,Echeneidae,remoras
sharksucker,Echeneidae,remoras
"scad,round",Carangidae,jacks
lionfish,Scorpaenidae,scorpionfish
nurse shark,Ginglymostomatidae,sharks
sand shark,Odontaspididae,sharks
shark,Carcharhinidae,sharks
shark (lemon),Carcharhinidae,sharks
"shark,blacktip",Carcharhinidae,sharks
"shark,carib sharpnose",Carcharhinidae,sharks
"shark,caribbean reef",Carcharhinidae,sharks
"shark,great hammerhd",Sphyrnidae,sharks
"shark,hammer.scaloped",Sphyrnidae,sharks
"shark,lemon",Carcharhinidae,sharks
"shark,nurse",Ginglymostomatidae,sharks
"shark,oceanic whiteti",Carcharhinidae,sharks
"shark,sand tiger",Odontaspididae,sharks
"shark,sandbar",Carcharhinidae,sharks
"shark,tiger",Carcharhinidae,sharks
"sharks,unclassified",Carcharhinidae,sharks
tiger shark,Carcharhinidae,sharks
silversides,Atherinopsidae,silversides
gray snapper,Lutjanidae,snappers
grey snapper,Lutjanidae,snappers
lane snapper,Lutjanidae,snappers
mahogany snapper,Lutjanidae,snappers
mahogony snapper,Lutjanidae,snappers
mohagany snapper,Lutjanidae,snappers
mutton snapper,Lutjanidae,snappers
red snapper,Lutjanidae,snappers
sand snapper,Lutjanidae,snappers
schoolmaster,Lutjanidae,snappers
silk snapper,Lutjanidae,snappers
snapper,Lutjanidae,snappers
"snapper,black",Lutjanidae,snappers
"snapper,blackfin",Lutjanidae,snappers
"snapper,cubera",Lutjanidae,snappers
"snapper,dog",Lutjanidae,snappers
"snapper,glasseye",Lutjanidae,snappers
"snapper,gray or uku",Lutjanidae,snappers
"snapper,gray(grey)",Lutjanidae,snappers
"snapper,lane",Lutjanidae,snappers
"snapper,mahogany",Lutjanidae,snappers
"snapper,mutton",Lutjanidae,snappers
"snapper,queen",Lutjanidae,snappers
"snapper,red",Lutjanidae,snappers
"snapper,silk",Lutjanidae,snappers
"snapper,southern red",Lutjanidae,snappers
"snapper,vermilion",Lutjanidae,snappers
"snapper,yellowtail",Lutjanidae,snappers
snappers,Lutjanidae,snappers
vermilion snapper,Lutjanidae,snappers
vermillion snapper,Lutjanidae,snappers
vermillon snapper,Lutjanidae,snappers
virgin snapper,Lutjanidae,snappers
wenchman,Lutjanidae,snappers
white margate,Lutjanidae,snappers
white morgate,Lutjanidae,snappers
yellowtail snapper,Lutjanidae,snappers
black snapper,Lutjanidae,snappers
dog snapper,Lutjanidae,snappers
glass eye snapper,Lutjanidae,snappers
glasseye snapper,Lutjanidae,snappers
glossy snapper,Lutjanidae,snappers
snooks,Centropomidae,snooks
"spadefish,atlantic",Ephippidae,spadefish
squid,Loliginidae,squids
longjaw squirrel,Holocentridae,squirrelfish/soldierfish
longjaw squirrelfish,Holocentridae,squirrelfish/soldierfish
"soldierfish,blackbar",Holocentridae,squirrelfish/soldierfish
squirrelfish,Holocentridae,squirrelfish/soldierfish
"squirrelfish,longspine",Holocentridae,squirrelfish/soldierfish
squirrelfishes,Holocentridae,squirrelfish/soldierfish
stingrays, Urotrygonidae,stingrays
blue tang,Acanthuridae,surgeonfish
bluetang,Acanthuridae,surgeonfish
doctofish,Acanthuridae,surgeonfish
doctor,Acanthuridae,surgeonfish
doctor ,Acanthuridae,surgeonfish
doctorfish,Acanthuridae,surgeonfish
dotor,Acanthuridae,surgeonfish
"surgeon,ocean",Acanthuridae,surgeonfish
tarpon,Megalopidae,tarpons
tarpon / bass,Megalopidae,tarpons
"tilefish,sand",Malacanthidae,tilefish
tilefishes,Malacanthidae,tilefish
unicorn tilefish,Malacanthidae,tilefish
black durgan,Balistidae,triggerfish
black durgan?,Balistidae,triggerfish
black durgon,Balistidae,triggerfish
"durgon,black",Balistidae,triggerfish
gray trigger,Balistidae,triggerfish
ocean triggerfish,Balistidae,triggerfish
queen triggerfish,Balistidae,triggerfish
"triggerfish,gray",Balistidae,triggerfish
"triggerfish,ocean",Balistidae,triggerfish
"triggerfish,queen",Balistidae,triggerfish
triggerfishes,Balistidae,triggerfish
trumpetfishes,Aulostomidae,trumpetfish
trunkfish,Ostraciidae,trunkfish
"trunkfish,smooth",Ostraciidae,trunkfish
"trunkfish,spotted",Ostraciidae,trunkfish
bonita,Scombridae,tunas
"bonito,atlantic",Scombridae,tunas
bungi,Scombridae,tunas
bungi (atlantic bigeye),Scombridae,tunas
burgi,Scombridae,tunas
burgu,Scombridae,tunas
ceco makeral,Scombridae,tunas
cero mackeral,Scombridae,tunas
cero mackerel,Scombridae,tunas
mackeral,Scombridae,tunas
mackeral ,Scombridae,tunas
mackerel,Scombridae,tunas
"mackerel,cero",Scombridae,tunas
"mackerel,king",Scombridae,tunas
"mackerel,spanish",Scombridae,tunas
mackerels & tunas,Scombridae,tunas
"runner,rainbow",Scombridae,tunas
spanish mackeral,Scombridae,tunas
spanish mackerel,Scombridae,tunas
tuna,Scombridae,tunas
tuna ,Scombridae,tunas
"tuna,albacore",Scombridae,tunas
"tuna,blackfin",Scombridae,tunas
"tuna,bluefin",Scombridae,tunas
"tuna,skipjack",Scombridae,tunas
"tuna,yellowfin",Scombridae,tunas
tunas,Scombridae,tunas
"tunny,little",Scombridae,tunas
wahoo,Scombridae,tunas
"turtle,atl,green sea",Cheloniidae,turtles
"turtle,hawksbill",Cheloniidae,turtles
turtles,Cheloniidae,turtles
black beauty,unknown,unknown
blaneeye,unknown,unknown
casali,unknown,unknown
comad,unknown,unknown
comad?,unknown,unknown
comgo,unknown,unknown
cotton tail silk,unknown,unknown
cottonwick,unknown,unknown
lookdown,unknown,unknown
mixed fish,unknown,unknown
n/a,unknown,unknown
na,unknown,unknown
NA,unknown,unknown
permit,unknown,unknown
pot fish,unknown,unknown
snit,unknown,unknown
tailor,unknown,unknown
ten pounder,unknown,unknown
unknown,unknown,unknown
create wresso,Labridae,wrasse
creole fish,Labridae,wrasse
creole wrasse,Labridae,wrasse
creoloe wrasse,Labridae,wrasse
hogfish,Labridae,wrasse
"hogfish,spanish",Labridae,wrasse
"hogfish,spotfin",Labridae,wrasse
pudding fish,Labridae,wrasse
puddingwife,Labridae,wrasse
spanish hog fish,Labridae,wrasse
spanish hogfish,Labridae,wrasse
"wrasse,creole",Labridae,wrasse
wrasses,Labridae,wrasses
no catch,,
no catch ,,
no catch - came back in because current was too strong,,
no catch due to strong current,,
no data,,
no data ,,
no data collected,,
no fish caught,,
none,,
